<?xml version="1.0"?>
<doc>
    <assembly>
        <name>Microsoft.Owin.Host.SystemWeb</name>
    </assembly>
    <members>
        <member name="T:Owin.Builder.AppBuilder">
            <summary>
            A standard implementation of IAppBuilder 
            </summary>
        </member>
        <member name="M:Owin.Builder.AppBuilder.#ctor">
            <summary>
            
            </summary>
        </member>
        <member name="M:Owin.Builder.AppBuilder.#ctor(System.Collections.Generic.IDictionary{System.Tuple{System.Type,System.Type},System.Delegate},System.Collections.Generic.IDictionary{System.String,System.Object})">
            <summary>
            
            </summary>
            <param name="conversions"></param>
            <param name="properties"></param>
        </member>
        <member name="M:Owin.Builder.AppBuilder.Use(System.Object,System.Object[])">
            <summary>
            Adds a middleware node to the OWIN function pipeline. The middleware are
            invoked in the order they are added: the first middleware passed to Use will
            be the outermost function, and the last middleware passed to Use will be the
            innermost.
            </summary>
            <param name="middleware">
            The middleware parameter determines which behavior is being chained into the
            pipeline. 
            
            If the middleware given to Use is a Delegate, then it will be invoked with the "next app" in 
            the chain as the first parameter. If the delegate takes more than the single argument, 
            then the additional values must be provided to Use in the args array.
            
            If the middleware given to Use is a Type, then the public constructor will be 
            invoked with the "next app" in the chain as the first parameter. The resulting object
            must have a public Invoke method. If the object has constructors which take more than
            the single "next app" argument, then additional values may be provided in the args array.
            </param>
            <param name="args">
            Any additional args passed to Use will be passed as additional values, following the "next app"
            parameter, when the OWIN call pipeline is build.
            
            They are passed as additional parameters if the middleware parameter is a Delegate, or as additional
            constructor arguments if the middle parameter is a Type.
            </param>
            <returns>
            The IAppBuilder itself is returned. This enables you to chain your use statements together.
            </returns>
        </member>
        <member name="M:Owin.Builder.AppBuilder.New">
            <summary>
            The New method creates a new instance of an IAppBuilder. This is needed to create
            a tree structure in your processing, rather than a linear pipeline. The new instance share the
            same Properties, but will be created with a new, empty middleware list.
            
            To create a tangent pipeline you would first call New, followed by several calls to Use on 
            the new builder, ending with a call to Build on the new builder. The return value from Build
            will be the entry-point to your tangent pipeline. This entry-point may now be added to the
            main pipeline as an argument to a switching middleware, which will either call the tangent
            pipeline or the "next app", based on something in the request.
            
            That said - all of that work is typically hidden by a middleware like Map, which will do that
            for you.
            </summary>
            <returns>The new instance of the IAppBuilder implementation</returns>
        </member>
        <member name="M:Owin.Builder.AppBuilder.Build(System.Type)">
            <summary>
            The Build is called at the point when all of the middleware should be chained
            together. This is typically done by the hosting component which created the app builder,
            and does not need to be called by the startup method if the IAppBuilder is passed in.
            </summary>
            <param name="returnType">
            The Type argument indicates which calling convention should be returned, and
            is typically typeof(<typeref name="Func&lt;IDictionary&lt;string,object&gt;, Task&gt;"/>) for the OWIN
            calling convention.
            </param>
            <returns>
            Returns an instance of the pipeline's entry point. This object may be safely cast to the
            type which was provided
            </returns>
        </member>
        <member name="P:Owin.Builder.AppBuilder.Properties">
            <summary>
            Contains arbitrary properties which may added, examined, and modified by
            components during the startup sequence. 
            </summary>
        </member>
        <member name="T:Owin.Builder.BuilderResources">
            <summary>
              A strongly-typed resource class, for looking up localized strings, etc.
            </summary>
        </member>
        <member name="P:Owin.Builder.BuilderResources.ResourceManager">
            <summary>
              Returns the cached ResourceManager instance used by this class.
            </summary>
        </member>
        <member name="P:Owin.Builder.BuilderResources.Culture">
            <summary>
              Overrides the current thread's CurrentUICulture property for all
              resource lookups using this strongly typed resource class.
            </summary>
        </member>
        <member name="P:Owin.Builder.BuilderResources.Exception_ConversionTakesOneParameter">
            <summary>
              Looks up a localized string similar to Conversion delegate must take one parameter..
            </summary>
        </member>
        <member name="P:Owin.Builder.BuilderResources.Exception_MiddlewareNotSupported">
            <summary>
              Looks up a localized string similar to The given middleware pattern is not supported: .
            </summary>
        </member>
        <member name="P:Owin.Builder.BuilderResources.Exception_NoConstructorFound">
            <summary>
              Looks up a localized string similar to No constructor found taking {0} arguments..
            </summary>
        </member>
        <member name="P:Owin.Builder.BuilderResources.Exception_NoConversionExists">
            <summary>
              Looks up a localized string similar to No conversion available between {0} and {1}..
            </summary>
        </member>
        <member name="T:Owin.Builder.NotFound">
            <summary>
            Simple object used by AppBuilder as seed OWIN callable if the
            builder.Properties["builder.DefaultApp"] is not set
            </summary>
        </member>
        <member name="T:Owin.Loader.DefaultLoader">
            <summary>
            Locates the startup class based on the following convention:
            AssemblyName.Startup, with a method named Configuration
            </summary>
        </member>
        <member name="M:Owin.Loader.DefaultLoader.#ctor">
            <summary>
            
            </summary>
        </member>
        <member name="M:Owin.Loader.DefaultLoader.#ctor(System.Func{System.String,System.Action{Owin.IAppBuilder}})">
            <summary>
            Allows for a fallback loader to be specified.
            </summary>
            <param name="next"></param>
        </member>
        <member name="M:Owin.Loader.DefaultLoader.#ctor(System.Func{System.String,System.Action{Owin.IAppBuilder}},System.Func{System.Type,System.Object})">
            <summary>
            Allows for a fallback loader and a Dependency Injection activator to be specified.
            </summary>
            <param name="next"></param>
            <param name="activator"></param>
        </member>
        <member name="M:Owin.Loader.DefaultLoader.Load(System.String)">
            <summary>
            Executes the loader, searching for the entry point by name.
            </summary>
            <param name="startupName">The name of the assembly and type entry point</param>
            <returns></returns>
        </member>
        <member name="M:Owin.Loader.DefaultLoader.DotByDot(System.String)">
            <summary>
            
            </summary>
            <param name="text"></param>
            <returns></returns>
        </member>
        <member name="T:Owin.Loader.LoaderResources">
            <summary>
              A strongly-typed resource class, for looking up localized strings, etc.
            </summary>
        </member>
        <member name="P:Owin.Loader.LoaderResources.ResourceManager">
            <summary>
              Returns the cached ResourceManager instance used by this class.
            </summary>
        </member>
        <member name="P:Owin.Loader.LoaderResources.Culture">
            <summary>
              Overrides the current thread's CurrentUICulture property for all
              resource lookups using this strongly typed resource class.
            </summary>
        </member>
        <member name="T:Owin.Loader.NullLoader">
            <summary>
            A default fallback loader that does nothing.
            </summary>
        </member>
        <member name="M:Owin.Loader.NullLoader.Load(System.String)">
            <summary>
            A placeholder method that always returns null.
            </summary>
            <param name="startup"></param>
            <returns>null.</returns>
        </member>
        <member name="P:Owin.Loader.NullLoader.Instance">
            <summary>
            A singleton instance of the NullLoader type.
            </summary>
        </member>
        <member name="T:Microsoft.Owin.Host.SystemWeb.AuthenticationResult">
            <summary></summary>
        </member>
        <member name="M:Microsoft.Owin.Host.SystemWeb.AuthenticationResult.#ctor(System.Security.Principal.IIdentity,System.Collections.Generic.IDictionary{System.String,System.String},System.Collections.Generic.IDictionary{System.String,System.Object})">
            <summary></summary>
            <param name="identity"></param>
            <param name="extra"></param>
            <param name="properties"></param>
        </member>
        <member name="P:Microsoft.Owin.Host.SystemWeb.AuthenticationResult.Identity">
            <summary></summary>
        </member>
        <member name="P:Microsoft.Owin.Host.SystemWeb.AuthenticationResult.Extra">
            <summary></summary>
        </member>
        <member name="P:Microsoft.Owin.Host.SystemWeb.AuthenticationResult.Properties">
            <summary></summary>
        </member>
        <member name="T:Microsoft.Owin.Host.SystemWeb.DataProtection.MachineKeyDataProtectionProvider">
            <summary>
            Used to provide the data protection services that are derived from the MachineKey API. It is the best choice of
            data protection when you application is hosted by ASP.NET and all servers in the farm are running with the same Machine Key values.
            </summary>
        </member>
        <member name="M:Microsoft.Owin.Host.SystemWeb.DataProtection.MachineKeyDataProtectionProvider.Create(System.String[])">
            <summary>
            Returns a new instance of IDataProtection for the provider.
            </summary>
            <param name="purposes">Additional entropy used to ensure protected data may only be unprotected for the correct purposes.</param>
            <returns>An instance of a data protection service</returns>
        </member>
        <member name="T:System.Web.HttpContextBaseExtensions">
            <summary>Provides extension methods for <see cref="T:System.Web.HttpContextBase"/>.</summary>
        </member>
        <member name="M:System.Web.HttpContextBaseExtensions.Authenticate(System.Web.HttpContextBase,System.String[],System.Action{System.Security.Principal.IIdentity,System.Collections.Generic.IDictionary{System.String,System.String},System.Collections.Generic.IDictionary{System.String,System.Object},System.Object},System.Object)">
            <summary></summary>
            <param name="context"></param>
            <param name="authenticationTypes"></param>
            <param name="callback"></param>
            <param name="state"></param>
            <returns></returns>
        </member>
        <member name="M:System.Web.HttpContextBaseExtensions.GetAuthenticationTypes(System.Web.HttpContextBase,System.Action{System.Collections.Generic.IDictionary{System.String,System.Object},System.Object},System.Object)">
            <summary></summary>
            <param name="context"></param>
            <param name="callback"></param>
            <param name="state"></param>
            <returns></returns>
        </member>
        <member name="M:System.Web.HttpContextBaseExtensions.SignIn(System.Web.HttpContextBase,System.Security.Claims.ClaimsPrincipal)">
            <summary></summary>
            <param name="context"></param>
            <param name="principal"></param>
        </member>
        <member name="M:System.Web.HttpContextBaseExtensions.SignIn(System.Web.HttpContextBase,System.Security.Claims.ClaimsPrincipal,Microsoft.Owin.Security.AuthenticationExtra)">
            <summary></summary>
            <param name="context"></param>
            <param name="principal"></param>
            <param name="extra"></param>
        </member>
        <member name="M:System.Web.HttpContextBaseExtensions.SignOut(System.Web.HttpContextBase,System.String[])">
            <summary></summary>
            <param name="context"></param>
            <param name="authenticationTypes"></param>
        </member>
        <member name="M:System.Web.HttpContextBaseExtensions.Challenge(System.Web.HttpContextBase,System.String)">
            <summary></summary>
            <param name="context"></param>
            <param name="authenticationTypes"></param>
        </member>
        <member name="M:System.Web.HttpContextBaseExtensions.Challenge(System.Web.HttpContextBase,System.String,Microsoft.Owin.Security.AuthenticationExtra)">
            <summary></summary>
            <param name="context"></param>
            <param name="authenticationTypes"></param>
        </member>
        <member name="M:System.Web.HttpContextBaseExtensions.Challenge(System.Web.HttpContextBase,System.String[],Microsoft.Owin.Security.AuthenticationExtra)">
            <summary></summary>
            <param name="context"></param>
            <param name="authenticationTypes"></param>
            <param name="extra"></param>
        </member>
        <member name="M:System.Web.HttpContextBaseExtensions.Authenticate(System.Web.HttpContextBase,System.String[])">
            <summary></summary>
            <param name="context"></param>
            <param name="authenticationTypes"></param>
            <returns></returns>
        </member>
        <member name="M:System.Web.HttpContextBaseExtensions.Authenticate(System.Web.HttpContextBase,System.String)">
            <summary></summary>
            <param name="context"></param>
            <param name="authenticationType"></param>
            <returns></returns>
        </member>
        <member name="M:System.Web.HttpContextBaseExtensions.GetAuthenticationTypes(System.Web.HttpContextBase)">
            <summary></summary>
            <param name="context"></param>
            <returns></returns>
        </member>
        <member name="M:System.Web.HttpContextBaseExtensions.GetExternalAuthenticationTypes(System.Web.HttpContextBase)">
            <summary></summary>
            <param name="context"></param>
            <returns></returns>
        </member>
        <member name="M:System.Web.HttpContextBaseExtensions.SignIn(System.Web.HttpContextBase,System.Collections.Generic.IEnumerable{System.Security.Claims.Claim},System.String,System.String,System.Boolean)">
            <summary></summary>
            <param name="context"></param>
            <param name="claims"></param>
            <param name="nameClaimType"></param>
            <param name="roleClaimType"></param>
            <param name="isPersistent"></param>
            <exception cref="T:System.ArgumentNullException"></exception>
        </member>
        <member name="M:System.Web.HttpContextBaseExtensions.SignIn(System.Web.HttpContextBase,System.String,System.Collections.Generic.IEnumerable{System.Security.Claims.Claim},System.String,System.String,System.Boolean)">
            <summary></summary>
            <param name="context"></param>
            <param name="authenticationType"> </param>
            <param name="claims"></param>
            <param name="nameClaimType"></param>
            <param name="roleClaimType"></param>
            <param name="isPersistent"></param>
            <exception cref="T:System.ArgumentNullException"></exception>
        </member>
        <member name="M:System.Web.HttpContextBaseExtensions.GetExternalIdentity(System.Web.HttpContextBase)">
            <summary></summary>
            <param name="context"></param>
            <param name="authenticationType"></param>
            <returns></returns>
        </member>
        <member name="T:System.Web.HttpContextExtensions">
            <summary>Provides extension methods for <see cref="T:System.Web.HttpContext"/>.</summary>
        </member>
        <member name="M:System.Web.HttpContextExtensions.Authenticate(System.Web.HttpContext,System.String[])">
            <summary></summary>
            <param name="context"></param>
            <param name="authenticationTypes"></param>
            <returns></returns>
        </member>
        <member name="M:System.Web.HttpContextExtensions.Authenticate(System.Web.HttpContext,System.String)">
            <summary></summary>
            <param name="context"></param>
            <param name="authenticationType"></param>
            <returns></returns>
        </member>
        <member name="M:System.Web.HttpContextExtensions.GetAuthenticationTypes(System.Web.HttpContext)">
            <summary></summary>
            <param name="context"></param>
            <returns></returns>
        </member>
        <member name="M:System.Web.HttpContextExtensions.GetExternalAuthenticationTypes(System.Web.HttpContext)">
            <summary></summary>
            <param name="context"></param>
            <returns></returns>
        </member>
        <member name="M:System.Web.HttpContextExtensions.SignIn(System.Web.HttpContext,System.Collections.Generic.IEnumerable{System.Security.Claims.Claim},System.String,System.String,System.Boolean)">
            <summary></summary>
            <param name="context"></param>
            <param name="claims"></param>
            <param name="nameClaimType"></param>
            <param name="roleClaimType"></param>
            <param name="isPersistent"></param>
            <exception cref="T:System.ArgumentNullException"></exception>
        </member>
        <member name="M:System.Web.HttpContextExtensions.SignIn(System.Web.HttpContext,System.String,System.Collections.Generic.IEnumerable{System.Security.Claims.Claim},System.String,System.String,System.Boolean)">
            <summary></summary>
            <param name="context"></param>
            <param name="authenticationType"> </param>
            <param name="claims"></param>
            <param name="nameClaimType"></param>
            <param name="roleClaimType"></param>
            <param name="isPersistent"></param>
            <exception cref="T:System.ArgumentNullException"></exception>
        </member>
        <member name="M:System.Web.HttpContextExtensions.GetExternalIdentity(System.Web.HttpContext)">
            <summary></summary>
            <param name="context"></param>
            <param name="authenticationType"></param>
            <returns></returns>
        </member>
        <member name="M:System.Web.HttpContextExtensions.Authenticate(System.Web.HttpContext,System.String[],System.Action{System.Security.Principal.IIdentity,System.Collections.Generic.IDictionary{System.String,System.String},System.Collections.Generic.IDictionary{System.String,System.Object},System.Object},System.Object)">
            <summary></summary>
            <param name="context"></param>
            <param name="authenticationTypes"></param>
            <param name="callback"></param>
            <param name="state"></param>
            <returns></returns>
        </member>
        <member name="M:System.Web.HttpContextExtensions.GetAuthenticationTypes(System.Web.HttpContext,System.Action{System.Collections.Generic.IDictionary{System.String,System.Object},System.Object},System.Object)">
            <summary></summary>
            <param name="context"></param>
            <param name="callback"></param>
            <param name="state"></param>
            <returns></returns>
        </member>
        <member name="M:System.Web.HttpContextExtensions.SignIn(System.Web.HttpContext,System.Security.Claims.ClaimsPrincipal)">
            <summary></summary>
            <param name="context"></param>
            <param name="user"></param>
        </member>
        <member name="M:System.Web.HttpContextExtensions.SignIn(System.Web.HttpContext,System.Security.Claims.ClaimsPrincipal,Microsoft.Owin.Security.AuthenticationExtra)">
            <summary></summary>
            <param name="context"></param>
            <param name="user"></param>
            <param name="extra"></param>
        </member>
        <member name="M:System.Web.HttpContextExtensions.SignOut(System.Web.HttpContext,System.String[])">
            <summary></summary>
            <param name="context"></param>
            <param name="authenticationTypes"></param>
        </member>
        <member name="M:System.Web.HttpContextExtensions.Challenge(System.Web.HttpContext,System.String[])">
            <summary></summary>
            <param name="context"></param>
            <param name="authenticationTypes"></param>
        </member>
        <member name="M:System.Web.HttpContextExtensions.Challenge(System.Web.HttpContext,System.String,Microsoft.Owin.Security.AuthenticationExtra)">
            <summary></summary>
            <param name="context"></param>
            <param name="authenticationTypes"></param>
        </member>
        <member name="M:System.Web.HttpContextExtensions.Challenge(System.Web.HttpContext,System.String[],Microsoft.Owin.Security.AuthenticationExtra)">
            <summary></summary>
            <param name="context"></param>
            <param name="authenticationTypes"></param>
            <param name="extra"></param>
        </member>
        <member name="T:Microsoft.Owin.Host.SystemWeb.OwinHttpHandler">
            <summary>
            Processes requests from System.Web as OWIN requests.
            </summary>
        </member>
        <member name="M:Microsoft.Owin.Host.SystemWeb.OwinHttpHandler.#ctor">
            <summary>
            Processes requests using the default OWIN application.
            </summary>
        </member>
        <member name="M:Microsoft.Owin.Host.SystemWeb.OwinHttpHandler.BeginProcessRequest(System.Web.HttpContextBase,System.AsyncCallback,System.Object)">
            <summary>
            Initiates an asynchronous call to the HTTP handler.
            </summary>
            <param name="httpContext">
            An System.Web.HttpContextBase object that provides references to intrinsic server
            objects (for example, Request, Response, Session, and Server) used to service
            HTTP requests.
            </param>
            <param name="callback">
            The System.AsyncCallback to call when the asynchronous method call is complete.
            If callback is null, the delegate is not called.
            </param>
            <param name="extraData">
            Any extra data needed to process the request.
            </param>
            <returns>
            An System.IAsyncResult that contains information about the status of the process.
            </returns>
        </member>
        <member name="M:Microsoft.Owin.Host.SystemWeb.OwinHttpHandler.EndProcessRequest(System.IAsyncResult)">
            <summary>
            Provides an asynchronous process End method when the process ends.
            </summary>
            <param name="result">
            An System.IAsyncResult that contains information about the status of the process.
            </param>
        </member>
        <member name="P:Microsoft.Owin.Host.SystemWeb.OwinHttpHandler.IsReusable">
            <summary>
            Gets a value indicating whether another request can use the System.Web.IHttpHandler instance.
            </summary>
            <returns>
            true.
            </returns>
        </member>
        <member name="T:Microsoft.Owin.Host.SystemWeb.OwinRouteHandler">
            <summary>
            Processes a route through an OWIN pipeline.
            </summary>
        </member>
        <member name="M:Microsoft.Owin.Host.SystemWeb.OwinRouteHandler.#ctor(System.Action{Owin.IAppBuilder})">
            <summary>
            Initialize an OwinRouteHandler
            </summary>
            <param name="startup">The method to initialize the pipeline that processes requests for the route.</param>
        </member>
        <member name="M:Microsoft.Owin.Host.SystemWeb.OwinRouteHandler.#ctor(System.String,System.Action{Owin.IAppBuilder})">
            <summary>
            Initialize an OwinRouteHandler
            </summary>
            <param name="pathBase">The value to provide as the request path base instead of the current HttpRuntime.AppDomainAppVirtualPath.</param>
            <param name="startup">The method to initialize the pipeline that processes requests for the route.</param>
        </member>
        <member name="M:Microsoft.Owin.Host.SystemWeb.OwinRouteHandler.GetHttpHandler(System.Web.Routing.RequestContext)">
            <summary>
            Provides the object that processes the request.
            </summary>
            <returns>
            An object that processes the request.
            </returns>
            <param name="requestContext">An object that encapsulates information about the request.</param>
        </member>
        <member name="T:Microsoft.Owin.Host.SystemWeb.PreApplicationStart">
            <summary>
            Registers the OWIN request processing module at application startup.
            </summary>
        </member>
        <member name="M:Microsoft.Owin.Host.SystemWeb.PreApplicationStart.Initialize">
            <summary>
            Registers the OWIN request processing module.
            </summary>
        </member>
        <member name="T:Microsoft.Owin.Host.SystemWeb.Resources">
            <summary>
              A strongly-typed resource class, for looking up localized strings, etc.
            </summary>
        </member>
        <member name="P:Microsoft.Owin.Host.SystemWeb.Resources.ResourceManager">
            <summary>
              Returns the cached ResourceManager instance used by this class.
            </summary>
        </member>
        <member name="P:Microsoft.Owin.Host.SystemWeb.Resources.Culture">
            <summary>
              Overrides the current thread's CurrentUICulture property for all
              resource lookups using this strongly typed resource class.
            </summary>
        </member>
        <member name="P:Microsoft.Owin.Host.SystemWeb.Resources.Exception_CannotRegisterAfterHeadersSent">
            <summary>
              Looks up a localized string similar to Cannot register for &apos;OnSendingHeaders&apos; event after response headers have been sent..
            </summary>
        </member>
        <member name="P:Microsoft.Owin.Host.SystemWeb.Resources.Exception_NoOwinEntryPointFound">
            <summary>
              Looks up a localized string similar to No OWIN entry point was found..
            </summary>
        </member>
        <member name="P:Microsoft.Owin.Host.SystemWeb.Resources.Exception_UnsupportedPipelineStage">
            <summary>
              Looks up a localized string similar to The given stage &apos;{0}&apos; is not supported..
            </summary>
        </member>
        <member name="P:Microsoft.Owin.Host.SystemWeb.Resources.HttpContext_OwinEnvironmentNotFound">
            <summary>
              Looks up a localized string similar to No owin.Environment item was found in the context..
            </summary>
        </member>
        <member name="P:Microsoft.Owin.Host.SystemWeb.Resources.Trace_ClientCertException">
            <summary>
              Looks up a localized string similar to An exception was thrown while trying to load the client certificate:.
            </summary>
        </member>
        <member name="P:Microsoft.Owin.Host.SystemWeb.Resources.Trace_EntryPointException">
            <summary>
              Looks up a localized string similar to The OWIN entry point threw an exception:.
            </summary>
        </member>
        <member name="P:Microsoft.Owin.Host.SystemWeb.Resources.Trace_OwinCallContextCallbackException">
            <summary>
              Looks up a localized string similar to The IAsyncResult callback for OwinCallHandler threw an exception:.
            </summary>
        </member>
        <member name="P:Microsoft.Owin.Host.SystemWeb.Resources.Trace_RegisterModuleException">
            <summary>
              Looks up a localized string similar to Failed to register the OWIN module:.
            </summary>
        </member>
        <member name="P:Microsoft.Owin.Host.SystemWeb.Resources.Trace_RequestDisconnectCallbackExceptions">
            <summary>
              Looks up a localized string similar to The application threw one or more exceptions when notified of a client disconnect:.
            </summary>
        </member>
        <member name="P:Microsoft.Owin.Host.SystemWeb.Resources.Trace_ShutdownDetectionSetupException">
            <summary>
              Looks up a localized string similar to Shutdown detection setup failed:.
            </summary>
        </member>
        <member name="P:Microsoft.Owin.Host.SystemWeb.Resources.Trace_ShutdownException">
            <summary>
              Looks up a localized string similar to One or more exceptions were thrown during app pool shutdown:.
            </summary>
        </member>
        <member name="P:Microsoft.Owin.Host.SystemWeb.Resources.Trace_TimerCallbackException">
            <summary>
              Looks up a localized string similar to An exception was thrown from a timer callback:.
            </summary>
        </member>
        <member name="P:Microsoft.Owin.Host.SystemWeb.Resources.Trace_WebSocketException">
            <summary>
              Looks up a localized string similar to An exception was thrown while processing the WebSocket:.
            </summary>
        </member>
        <member name="P:Microsoft.Owin.Host.SystemWeb.Resources.Trace_WebSocketsSupportDetected">
            <summary>
              Looks up a localized string similar to Support for WebSockets has been detected..
            </summary>
        </member>
        <member name="P:Microsoft.Owin.Host.SystemWeb.Resources.Trace_WebSocketsSupportNotDetected">
            <summary>
              Looks up a localized string similar to No support for WebSockets has been detected..
            </summary>
        </member>
        <member name="T:System.Web.Routing.RouteCollectionExtensions">
            <summary>
            Provides extension methods for registering OWIN applications as System.Web routes.
            </summary>
        </member>
        <member name="M:System.Web.Routing.RouteCollectionExtensions.MapOwinPath(System.Web.Routing.RouteCollection,System.String)">
            <summary>
            Registers a route for the default OWIN application.
            </summary>
            <param name="routes">The route collection.</param>
            <param name="pathBase">The route path to map to the default OWIN application.</param>
            <returns>The created route.</returns>
        </member>
        <member name="M:System.Web.Routing.RouteCollectionExtensions.MapOwinPath``1(System.Web.Routing.RouteCollection,System.String,``0)">
            <summary>
            Registers a route for a specific OWIN application entry point.
            </summary>
            <typeparam name="TApp">The OWIN application entry point type.</typeparam>
            <param name="routes">The route collection.</param>
            <param name="pathBase">The route path to map to the given OWIN application.</param>
            <param name="app">The OWIN application entry point.</param>
            <returns>The created route.</returns>
        </member>
        <member name="M:System.Web.Routing.RouteCollectionExtensions.MapOwinPath(System.Web.Routing.RouteCollection,System.String,System.Action{Owin.IAppBuilder})">
            <summary>
            Invokes the System.Action startup delegate to build the OWIN application
            and then registers a route for it on the given path.
            </summary>
            <param name="routes">The route collection.</param>
            <param name="pathBase">The route path to map to the given OWIN application.</param>
            <param name="startup">A System.Action delegate invoked to build the OWIN application.</param>
            <returns>The created route.</returns>
        </member>
        <member name="M:System.Web.Routing.RouteCollectionExtensions.MapOwinPath(System.Web.Routing.RouteCollection,System.String,System.String)">
            <summary>
            Registers a route for the default OWIN application.
            </summary>
            <param name="routes">The route collection.</param>
            <param name="name">The given name of the route.</param>
            <param name="pathBase">The route path to map to the default OWIN application.</param>
            <returns>The created route.</returns>
        </member>
        <member name="M:System.Web.Routing.RouteCollectionExtensions.MapOwinPath``1(System.Web.Routing.RouteCollection,System.String,System.String,``0)">
            <summary>
            Registers a route for a specific OWIN application entry point.
            </summary>
            <typeparam name="TApp">The OWIN application entry point type.</typeparam>
            <param name="routes">The route collection.</param>
            <param name="name">The given name of the route.</param>
            <param name="pathBase">The route path to map to the given OWIN application.</param>
            <param name="app">The OWIN application entry point.</param>
            <returns>The created route.</returns>
        </member>
        <member name="M:System.Web.Routing.RouteCollectionExtensions.MapOwinPath(System.Web.Routing.RouteCollection,System.String,System.String,System.Action{Owin.IAppBuilder})">
            <summary>
            Invokes the System.Action startup delegate to build the OWIN application
            and then registers a route for it on the given path.
            </summary>
            <param name="routes">The route collection.</param>
            <param name="name">The given name of the route.</param>
            <param name="pathBase">The route path to map to the given OWIN application.</param>
            <param name="startup">A System.Action delegate invoked to build the OWIN application.</param>
            <returns>The created route.</returns>
        </member>
        <member name="M:System.Web.Routing.RouteCollectionExtensions.MapOwinRoute(System.Web.Routing.RouteCollection,System.String,System.Action{Owin.IAppBuilder})">
            <summary>
            Provides a way to define routes for an OWIN pipeline.
            </summary>
            <param name="routes">The route collection.</param>
            <param name="routeUrl">The URL pattern for the route.</param>
            <param name="startup">The method to initialize the pipeline that processes requests for the route.</param>
        </member>
        <member name="M:System.Web.Routing.RouteCollectionExtensions.MapOwinRoute(System.Web.Routing.RouteCollection,System.String,System.Web.Routing.RouteValueDictionary,System.Action{Owin.IAppBuilder})">
            <summary>
            Provides a way to define routes for an OWIN pipeline.
            </summary>
            <param name="routes">The route collection.</param>
            <param name="routeUrl">The URL pattern for the route.</param>
            <param name="defaults">The values to use if the URL does not contain all the parameters.</param>
            <param name="startup">The method to initialize the pipeline that processes requests for the route.</param>
        </member>
        <member name="M:System.Web.Routing.RouteCollectionExtensions.MapOwinRoute(System.Web.Routing.RouteCollection,System.String,System.Web.Routing.RouteValueDictionary,System.Web.Routing.RouteValueDictionary,System.Action{Owin.IAppBuilder})">
            <summary>
            Provides a way to define routes for an OWIN pipeline.
            </summary>
            <param name="routes">The route collection.</param>
            <param name="routeUrl">The URL pattern for the route.</param>
            <param name="defaults">The values to use if the URL does not contain all the parameters.</param>
            <param name="constraints">A regular expression that specifies valid values for a URL parameter.</param>
            <param name="startup">The method to initialize the pipeline that processes requests for the route.</param>
        </member>
        <member name="M:System.Web.Routing.RouteCollectionExtensions.MapOwinRoute(System.Web.Routing.RouteCollection,System.String,System.Web.Routing.RouteValueDictionary,System.Web.Routing.RouteValueDictionary,System.Web.Routing.RouteValueDictionary,System.Action{Owin.IAppBuilder})">
            <summary>
            Provides a way to define routes for an OWIN pipeline.
            </summary>
            <param name="routes">The route collection.</param>
            <param name="routeUrl">The URL pattern for the route.</param>
            <param name="defaults">The values to use if the URL does not contain all the parameters.</param>
            <param name="constraints">A regular expression that specifies valid values for a URL parameter.</param>
            <param name="dataTokens">Custom values that are passed to the route handler, but which are not used to determine whether the route matches a specific URL pattern. These values are passed to the route handler, where they can be used for processing the request.</param>
            <param name="startup">The method to initialize the pipeline that processes requests for the route.</param>
        </member>
        <member name="M:System.Web.Routing.RouteCollectionExtensions.MapOwinRoute(System.Web.Routing.RouteCollection,System.String,System.String,System.Action{Owin.IAppBuilder})">
            <summary>
            Provides a way to define routes for an OWIN pipeline.
            </summary>
            <param name="routes">The route collection.</param>
            <param name="routeName">The name of the route.</param>
            <param name="routeUrl">The URL pattern for the route.</param>
            <param name="startup">The method to initialize the pipeline that processes requests for the route.</param>
        </member>
        <member name="M:System.Web.Routing.RouteCollectionExtensions.MapOwinRoute(System.Web.Routing.RouteCollection,System.String,System.String,System.Web.Routing.RouteValueDictionary,System.Action{Owin.IAppBuilder})">
            <summary>
            Provides a way to define routes for an OWIN pipeline.
            </summary>
            <param name="routes">The route collection.</param>
            <param name="routeName">The name of the route.</param>
            <param name="routeUrl">The URL pattern for the route.</param>
            <param name="defaults">The values to use if the URL does not contain all the parameters.</param>
            <param name="startup">The method to initialize the pipeline that processes requests for the route.</param>
        </member>
        <member name="M:System.Web.Routing.RouteCollectionExtensions.MapOwinRoute(System.Web.Routing.RouteCollection,System.String,System.String,System.Web.Routing.RouteValueDictionary,System.Web.Routing.RouteValueDictionary,System.Action{Owin.IAppBuilder})">
            <summary>
            Provides a way to define routes for an OWIN pipeline.
            </summary>
            <param name="routes">The route collection.</param>
            <param name="routeName">The name of the route.</param>
            <param name="routeUrl">The URL pattern for the route.</param>
            <param name="defaults">The values to use if the URL does not contain all the parameters.</param>
            <param name="constraints">A regular expression that specifies valid values for a URL parameter.</param>
            <param name="startup">The method to initialize the pipeline that processes requests for the route.</param>
        </member>
        <member name="M:System.Web.Routing.RouteCollectionExtensions.MapOwinRoute(System.Web.Routing.RouteCollection,System.String,System.String,System.Web.Routing.RouteValueDictionary,System.Web.Routing.RouteValueDictionary,System.Web.Routing.RouteValueDictionary,System.Action{Owin.IAppBuilder})">
            <summary>
            Provides a way to define routes for an OWIN pipeline.
            </summary>
            <param name="routes">The route collection.</param>
            <param name="routeName">The name of the route.</param>
            <param name="routeUrl">The URL pattern for the route.</param>
            <param name="defaults">The values to use if the URL does not contain all the parameters.</param>
            <param name="constraints">A regular expression that specifies valid values for a URL parameter.</param>
            <param name="dataTokens">Custom values that are passed to the route handler, but which are not used to determine whether the route matches a specific URL pattern. These values are passed to the route handler, where they can be used for processing the request.</param>
            <param name="startup">The method to initialize the pipeline that processes requests for the route.</param>
        </member>
    </members>
</doc>
