<?xml version="1.0"?>
<doc>
    <assembly>
        <name>Microsoft.Owin.Security</name>
    </assembly>
    <members>
        <member name="T:Microsoft.Owin.Security.AppBuilderSecurityExtensions">
            <summary>
            Provides extensions methods for app.Property values that are only needed by implementations of authentication middleware.
            </summary>
        </member>
        <member name="M:Microsoft.Owin.Security.AppBuilderSecurityExtensions.GetDefaultSignInAsAuthenticationType(Owin.IAppBuilder)">
            <summary>
            Returns the previously set AuthenticationType that external sign in middleware should use when the
            browser navigates back to their return url.
            </summary>
            <param name="app">App builder passed to the application startup code</param>
            <returns></returns>
        </member>
        <member name="M:Microsoft.Owin.Security.AppBuilderSecurityExtensions.SetDefaultSignInAsAuthenticationType(Owin.IAppBuilder,System.String)">
            <summary>
            Called by middleware to change the name of the AuthenticationType that external middleware should use
            when the browser navigates back to their return url.
            </summary>
            <param name="app">App builder passed to the application startup code</param>
            <param name="authenticationType">AuthenticationType that external middleware should sign in as.</param>
        </member>
        <member name="T:Microsoft.Owin.Security.AuthenticationMode">
            <summary>
            Controls the behavior of authentication middleware
            </summary>
        </member>
        <member name="F:Microsoft.Owin.Security.AuthenticationMode.Active">
            <summary>
            In Active mode the authentication middleware will alter the user identity as the request arrives, and
            will also alter a plain 401 as the response leaves.
            </summary>
        </member>
        <member name="F:Microsoft.Owin.Security.AuthenticationMode.Passive">
            <summary>
            In Passive mode the authentication middleware will only provide user identity when asked, and will only
            alter 401 responses where the authentication type named in the extra challenge data.
            </summary>
        </member>
        <member name="T:Microsoft.Owin.Security.AuthenticationOptions">
            <summary>
            Base Options for all authentication middleware
            </summary>
        </member>
        <member name="M:Microsoft.Owin.Security.AuthenticationOptions.#ctor(System.String)">
            <summary>
            Initialize properties of AuthenticationOptions base class
            </summary>
            <param name="authenticationType">Assigned to the AuthenticationType property</param>
        </member>
        <member name="P:Microsoft.Owin.Security.AuthenticationOptions.AuthenticationType">
            <summary>
            The AuthenticationType in the options corrisponds to the IIdentity AuthenticationType property. A different
            value may be assigned in order to use the same authentication middleware type more than once in a pipeline.
            </summary>
        </member>
        <member name="P:Microsoft.Owin.Security.AuthenticationOptions.AuthenticationMode">
            <summary>
            If Active the authentication middleware alter the request user coming in and
            alter 401 Unauthorized responses going out. If Passive the authentication middleware will only provide
            identity and alter responses when explicitly indicated by the AuthenticationType.
            </summary>
        </member>
        <member name="P:Microsoft.Owin.Security.AuthenticationOptions.Description">
            <summary>
            Additional information about the authentication type which is made available to the application.
            </summary>
        </member>
        <member name="T:Microsoft.Owin.Security.Constants">
            <summary>
            String constants used only by the Security assembly
            </summary>
        </member>
        <member name="F:Microsoft.Owin.Security.Constants.DefaultSignInAsAuthenticationType">
            <summary>
            Used by middleware extension methods to coordinate the default value Options property SignInAsAuthenticationType
            </summary>
        </member>
        <member name="T:Microsoft.Owin.Security.DataProtection.IDataProtectionProvider">
            <summary>
            Factory used to create IDataProtection instances
            </summary>
        </member>
        <member name="M:Microsoft.Owin.Security.DataProtection.IDataProtectionProvider.Create(System.String[])">
            <summary>
            Returns a new instance of IDataProtection for the provider.
            </summary>
            <param name="purposes">Additional entropy used to ensure protected data may only be unprotected for the correct purposes.</param>
            <returns>An instance of a data protection service</returns>
        </member>
        <member name="T:Microsoft.Owin.Security.DataProtection.IDataProtector">
            <summary>
            Service used to protect and unprotect data
            </summary>
        </member>
        <member name="M:Microsoft.Owin.Security.DataProtection.IDataProtector.Protect(System.Byte[])">
            <summary>
            Called to protect user data.
            </summary>
            <param name="userData">The original data that must be protected</param>
            <returns>A different byte array that may be unprotected or altered only by software that has access to 
            the an identical IDataProtection service.</returns>
        </member>
        <member name="M:Microsoft.Owin.Security.DataProtection.IDataProtector.Unprotect(System.Byte[])">
            <summary>
            Called to unprotect user data
            </summary>
            <param name="protectedData">The byte array returned by a call to Protect on an identical IDataProtection service.</param>
            <returns>The byte array identical to the original userData passed to Protect.</returns>
        </member>
        <member name="T:Microsoft.Owin.Security.Infrastructure.AuthenticationHandler`1">
            <summary>
            Base class for the per-request work performed by most authentication middleware.
            </summary>
            <typeparam name="TOptions">Specifies which type for of AuthenticationOptions property</typeparam>
        </member>
        <member name="T:Microsoft.Owin.Security.Infrastructure.AuthenticationHandler">
            <summary>
            Base class for the per-request work performed by most authentication middleware.
            </summary>
        </member>
        <member name="M:Microsoft.Owin.Security.Infrastructure.AuthenticationHandler.Teardown">
            <summary>
            Called once per request after Initialize and Invoke. 
            </summary>
            <returns>async completion</returns>
        </member>
        <member name="M:Microsoft.Owin.Security.Infrastructure.AuthenticationHandler.Invoke">
            <summary>
            Called once by common code after initialization. If an authentication middleware responds directly to
            specifically known paths it must override this virtual, compare the request path to it's known paths, 
            provide any response information as appropriate, and true to stop further processing.
            </summary>
            <returns>Returning false will cause the common code to call the next middleware in line. Returning true will
            cause the common code to begin the async completion journey without calling the rest of the middleware
            pipeline.</returns>
        </member>
        <member name="M:Microsoft.Owin.Security.Infrastructure.AuthenticationHandler.Authenticate">
            <summary>
            Causes the authentication logic in AuthenticateCore to be performed for the current request 
            at most once and returns the results. Calling Authenticate more than once will always return 
            the original value. 
            
            This method should always be called instead of calling AuthenticateCore directly.
            </summary>
            <returns>The ticket data provided by the authentication logic</returns>
        </member>
        <member name="M:Microsoft.Owin.Security.Infrastructure.AuthenticationHandler.AuthenticateCore">
            <summary>
            The core authentication logic which must be provided by the handler. Will be invoked at most
            once per requst. Do not call directly, call the wrapping Authenticate method instead.
            </summary>
            <returns>The ticket data provided by the authentication logic</returns>
        </member>
        <member name="M:Microsoft.Owin.Security.Infrastructure.AuthenticationHandler.ApplyResponse">
            <summary>
            Causes the ApplyResponseCore to be invoked at most once per request. This method will be
            invoked either earlier, when the response headers are sent as a result of a response write or flush,
            or later, as the last step when the original async call to the middleware is returning.
            </summary>
            <returns></returns>
        </member>
        <member name="M:Microsoft.Owin.Security.Infrastructure.AuthenticationHandler.ApplyResponseCore">
            <summary>
            Core method that may be overridden by handler. The default behavior is to call two common response 
            activities, one that deals with sign-in/sign-out concerns, and a second to deal with 401 challenges.
            </summary>
            <returns></returns>
        </member>
        <member name="M:Microsoft.Owin.Security.Infrastructure.AuthenticationHandler.ApplyResponseGrant">
            <summary>
            Override this method to dela with sign-in/sign-out concerns, if an authentication scheme in question
            deals with grant/revoke as part of it's request flow. (like setting/deleting cookies)
            </summary>
            <returns></returns>
        </member>
        <member name="M:Microsoft.Owin.Security.Infrastructure.AuthenticationHandler.ApplyResponseChallenge">
            <summary>
            Override this method to dela with 401 challenge concerns, if an authentication scheme in question
            deals an authentication interaction as part of it's request flow. (like adding a response header, or
            changing the 401 result to 302 of a login page or external sign-in location.)
            </summary>
            <returns></returns>
        </member>
        <member name="M:Microsoft.Owin.Security.Infrastructure.AuthenticationHandler`1.Initialize(`0,Microsoft.Owin.OwinRequest,Microsoft.Owin.OwinResponse)">
            <summary>
            Initialize is called once per request to contextualize this instance with appropriate state.
            </summary>
            <param name="options">The original options passed by the application control behavior</param>
            <param name="request">The utility object to observe the current request</param>
            <param name="response">The utility object to effect the current response</param>
            <returns>async completion</returns>
        </member>
        <member name="T:Microsoft.Owin.Security.PinnedCertificateValidator">
            <summary>
            Provides pinned certificate validation, which checks HTTPS communication
            against a known good list of certificates to protect against compromised
            or rogue CAs issuing certificates for hosts without the knowledge of
            the host owner.
            </summary>
        </member>
        <member name="M:Microsoft.Owin.Security.PinnedCertificateValidator.#ctor(System.Collections.Generic.HashSet{System.String})">
            <summary>
            Initializes a new instance of the <see cref="T:Microsoft.Owin.Security.PinnedCertificateValidator"/> class.
            </summary>
            <param name="validThumbprints">A HashSet of thumbprints which are valid for an HTTPS request.</param>
        </member>
        <member name="M:Microsoft.Owin.Security.PinnedCertificateValidator.#ctor(System.Collections.Generic.HashSet{System.String},System.Collections.Generic.HashSet{System.String})">
            <summary>
            Initializes a new instance of the <see cref="T:Microsoft.Owin.Security.PinnedCertificateValidator"/> class.
            </summary>
            <param name="validThumbprints">A HashSet of thumbprints which are valid for an HTTPS request.</param>
            <param name="invalidThumbprints">A HashSet of thumbprints which are invalid for an HTTPS request.</param>
        </member>
        <member name="M:Microsoft.Owin.Security.PinnedCertificateValidator.RemoteCertificateValidationCallbackValidator(System.Object,System.Security.Cryptography.X509Certificates.X509Certificate,System.Security.Cryptography.X509Certificates.X509Chain,System.Net.Security.SslPolicyErrors)">
            <summary>
            Validates that the certificate presented and its signing chain is not contained in the <see cref="P:Microsoft.Owin.Security.PinnedCertificateValidator.InvalidCertificateThumbprints"/> and
            is contained in the <see cref="P:Microsoft.Owin.Security.PinnedCertificateValidator.ValidCertificateThumbprints"/>.
            </summary>
            <param name="sender">An object that contains state information for this validation.</param>
            <param name="certificate">The certificate used to authenticate the remote party.</param>
            <param name="chain">The chain of certificate authorities associated with the remote certificate.</param>
            <param name="sslPolicyErrors">One or more errors associated with the remote certificate.</param>
            <returns>A Boolean value that determines whether the specified certificate is accepted for authentication.</returns>
        </member>
        <member name="P:Microsoft.Owin.Security.PinnedCertificateValidator.ValidCertificateThumbprints">
            <summary>
            Gets or sets the valid thumbprints for back channel authentication.
            </summary>
            <value>
            The valid certificate thumbprints.
            </value>
        </member>
        <member name="P:Microsoft.Owin.Security.PinnedCertificateValidator.InvalidCertificateThumbprints">
            <summary>
            Gets or sets the invalid thumbprints for back channel authentication.
            </summary>
            <value>
            The invalid certificate thumbprints.
            </value>
        </member>
        <member name="P:Microsoft.Owin.Security.PinnedCertificateValidator.RemoteCertificateValidationCallback">
            <summary>
            Gets the remote certificate validation callback.
            </summary>
            <value>
            The remote certificate validation callback.
            </value>
        </member>
        <member name="T:Microsoft.Owin.Security.DataProtection.DpapiDataProtectionProvider">
            <summary>
            Used to provide the data protection services that are derived from the Data Protection API. It is the best choice of
            data protection when you application is not hosted by ASP.NET and all processes are running as the same domain identity. 
            </summary>
        </member>
        <member name="M:Microsoft.Owin.Security.DataProtection.DpapiDataProtectionProvider.#ctor">
            <summary>
            Initializes a new DpapiDataProtectionProvider with a random application
            name. This is only useful to protect data for the duration of the
            current application execution.
            </summary>
        </member>
        <member name="M:Microsoft.Owin.Security.DataProtection.DpapiDataProtectionProvider.#ctor(System.String)">
            <summary>
            Initializes a new DpapiDataProtectionProvider which uses the given
            appName as part of the protection algorithm
            </summary>
            <param name="appName">A user provided value needed to round-trip secured
            data. The default value comes from the IAppBuilder.Properties["owin.AppName"] 
            when self-hosted.</param>
        </member>
        <member name="M:Microsoft.Owin.Security.DataProtection.DpapiDataProtectionProvider.Create(System.String[])">
            <summary>
            Returns a new instance of IDataProtection for the provider.
            </summary>
            <param name="purposes">Additional entropy used to ensure protected data may only be unprotected for the correct purposes.</param>
            <returns>An instance of a data protection service</returns>
        </member>
        <member name="T:Microsoft.Owin.Security.Infrastructure.SecurityHelper">
            <summary>
            Helper code used when implementing authentication middleware
            </summary>
        </member>
        <member name="M:Microsoft.Owin.Security.Infrastructure.SecurityHelper.#ctor(Microsoft.Owin.OwinRequest)">
            <summary>
            Helper code used when implementing authentication middleware
            </summary>
            <param name="request"></param>
        </member>
        <member name="M:Microsoft.Owin.Security.Infrastructure.SecurityHelper.AddUserIdentity(System.Security.Principal.IIdentity)">
            <summary>
            Add an additional ClaimsIdentity to the ClaimsPrincipal in the "server.User" environment key
            </summary>
            <param name="identity"></param>
        </member>
        <member name="M:Microsoft.Owin.Security.Infrastructure.SecurityHelper.LookupChallenge(System.String,Microsoft.Owin.Security.AuthenticationMode)">
            <summary>
            Find response challenge details for a specific authentication middleware
            </summary>
            <param name="authenticationType">The authentication type to look for</param>
            <param name="authenticationMode">The authentication mode the middleware is running under</param>
            <returns>The information instructing the middleware how it should behave</returns>
        </member>
        <member name="M:Microsoft.Owin.Security.Infrastructure.SecurityHelper.LookupSignin(System.String)">
            <summary>
            Find response signin details for a specific authentication middleware
            </summary>
            <param name="authenticationType">The authentication type to look for</param>
            <returns>The information instructing the middleware how it should behave</returns>
        </member>
        <member name="M:Microsoft.Owin.Security.Infrastructure.SecurityHelper.LookupSignout(System.String,Microsoft.Owin.Security.AuthenticationMode)">
            <summary>
            Find response signout details for a specific authentication middleware
            </summary>
            <param name="authenticationType">The authentication type to look for</param>
            <param name="authenticationMode">The authentication mode the middleware is running under</param>
            <returns>The information instructing the middleware how it should behave</returns>
        </member>
        <member name="T:Microsoft.Owin.Security.Resources">
            <summary>
              A strongly-typed resource class, for looking up localized strings, etc.
            </summary>
        </member>
        <member name="P:Microsoft.Owin.Security.Resources.ResourceManager">
            <summary>
              Returns the cached ResourceManager instance used by this class.
            </summary>
        </member>
        <member name="P:Microsoft.Owin.Security.Resources.Culture">
            <summary>
              Overrides the current thread's CurrentUICulture property for all
              resource lookups using this strongly typed resource class.
            </summary>
        </member>
        <member name="P:Microsoft.Owin.Security.Resources.Exception_DefaultDpapiRequiresAppNameKey">
            <summary>
              Looks up a localized string similar to The default data protection provider may only be used when the IAppBuilder.Properties contains an appropriate &apos;host.AppName&apos; key..
            </summary>
        </member>
        <member name="P:Microsoft.Owin.Security.Resources.Exception_MissingDefaultSignInAsAuthenticationType">
            <summary>
              Looks up a localized string similar to A default value for SignInAsAuthenticationType was not found in IAppBuilder Properties. This can happen if your authentication middleware are added in the wrong order, or if a call to UseExternalSignInCookie or UseSignInCookies has been removed..
            </summary>
        </member>
        <member name="P:Microsoft.Owin.Security.Resources.Exception_UnhookAuthenticationStateType">
            <summary>
              Looks up a localized string similar to The state passed to UnhookAuthentication may only be the return value from HookAuthentication..
            </summary>
        </member>
    </members>
</doc>
