<?xml version="1.0" encoding="utf-8"?>
<Deployment xmlns="http://schemas.microsoft.com/windowsphone/2012/deployment" AppPlatformVersion="8.0">
  <DefaultLanguage xmlns="" code="en-US" />
  <App xmlns="" ProductID="{1ea19ec5-6bef-4b36-8e41-4236ae63fd1e}" Title="Windows Phone Week" RuntimeType="Silverlight" Version="1.0.0.0" Genre="apps.normal" Author="" Description="Ven a conocer Windows Phone! Durante todo un día contarás con expertos sobre el desarrollo para Windows Phone, que impartirán charlas sobre la plataforma, NFC, APIs de efectos gráficos, AppStudio, buenas prácticas y muchas cosas más!" Publisher="" PublisherID="{e7d94c95-4681-45a0-a8b4-5df4e482fb9e}">
    <IconPath IsRelative="true" IsResource="false">Images\Logo-a938ad48-b53b-4d69-9b7c-cfb94ab9fa37.png</IconPath>
    <Capabilities>
      <Capability Name="ID_CAP_NETWORKING"/>
      <Capability Name="ID_CAP_MEDIALIB_AUDIO"/>
      <Capability Name="ID_CAP_MEDIALIB_PLAYBACK"/>
      <Capability Name="ID_CAP_SENSORS"/>
      <Capability Name="ID_CAP_WEBBROWSERCOMPONENT"/>
	  <Capability Name="ID_CAP_SPEECH_RECOGNITION" />
    </Capabilities>
    <Tasks>
      <DefaultTask Name="_default" NavigationPage="View/ElEvento_Info.xaml" />
    </Tasks>
    <Tokens>
      <PrimaryToken TokenID="MyDoWapp" TaskName="_default">
	    <TemplateFlip>
          <SmallImageURI IsRelative="true" IsResource="false">Images/Logo-a938ad48-b53b-4d69-9b7c-cfb94ab9fa37.png</SmallImageURI>
		  <Count>0</Count>
		  <BackgroundImageURI IsRelative="true" IsResource="false">Images/Logo-a938ad48-b53b-4d69-9b7c-cfb94ab9fa37.png</BackgroundImageURI>
          <Title>Windows Phone Week</Title>
          <BackContent></BackContent>
	      <BackBackgroundImageURI IsRelative="true" IsResource="false">Images/TileBackBackground.png</BackBackgroundImageURI>
          <BackTitle>Windows Phone Week</BackTitle>
		  		  <LargeBackgroundImageURI IsRelative="true" IsResource="false">Images/Logo-a938ad48-b53b-4d69-9b7c-cfb94ab9fa37.png</LargeBackgroundImageURI>
		  <LargeBackBackgroundImageURI IsRelative="true" IsResource="false">Images/TileBackBackground.png</LargeBackBackgroundImageURI>
 
          <DeviceLockImageURI IsRelative="true" IsResource="false"></DeviceLockImageURI>
          <HasLarge>True</HasLarge>		
        </TemplateFlip>
      </PrimaryToken>
    </Tokens>
    <Extensions>
      <Extension ExtensionName="LockScreen_Notification_IconCount" ConsumerID="{111DFF24-AA15-4A96-8006-2BFF8122084F}" TaskID="_default" />
      <Extension ExtensionName="LockScreen_Notification_TextField" ConsumerID="{111DFF24-AA15-4A96-8006-2BFF8122084F}" TaskID="_default" />
      <Extension ExtensionName="LockScreen_Background" ConsumerID="{111DFF24-AA15-4A96-8006-2BFF8122084F}" TaskID="_default" />
    </Extensions>
    <ScreenResolutions>
      <ScreenResolution Name="ID_RESOLUTION_WVGA" />
      <ScreenResolution Name="ID_RESOLUTION_WXGA" />
      <ScreenResolution Name="ID_RESOLUTION_HD720P" />
    </ScreenResolutions>
  </App>
</Deployment>
